bpmnElementType,bpmnProcessId,completed,created,duration,elementId,endPosition,ended,flowScopeKey,key,partition,startPosition,version,workflowInstanceKey,workflowKey
START_EVENT,process,true,1551053976655,3,StartEvent_1,4294979248,1551053976658,3,4,0,4294978504,1,3,1
START_EVENT,process,true,1551053976670,2,StartEvent_1,4294982416,1551053976672,7,9,0,4294981672,1,7,1
START_EVENT,process,true,1551053976679,2,StartEvent_1,4294985584,1551053976681,13,14,0,4294984840,1,13,1
START_EVENT,process,true,1551053976689,2,StartEvent_1,4294988752,1551053976691,18,19,0,4294988008,1,18,1
START_EVENT,process,true,1551053976699,2,StartEvent_1,4294991920,1551053976701,23,24,0,4294991176,1,23,1
START_EVENT,process,true,1551053976709,2,StartEvent_1,4294995088,1551053976711,28,29,0,4294994344,1,28,1
START_EVENT,process,true,1551053976719,3,StartEvent_1,4294998256,1551053976722,33,34,0,4294997512,1,33,1
START_EVENT,process,true,1551053976736,1,StartEvent_1,4295001424,1551053976737,38,39,0,4295000680,1,38,1
START_EVENT,process,true,1551053976751,1,StartEvent_1,4295004592,1551053976752,43,44,0,4295003848,1,43,1
START_EVENT,process,true,1551053976766,1,StartEvent_1,4295007760,1551053976767,48,49,0,4295007016,1,48,1
START_EVENT,process,true,1551053976785,2,StartEvent_1,4295010928,1551053976787,53,54,0,4295010184,1,53,1
START_EVENT,process,true,1551053976797,3,StartEvent_1,4295014096,1551053976800,58,59,0,4295013352,1,58,1
START_EVENT,process,true,1551053976807,6,StartEvent_1,4295017264,1551053976813,63,64,0,4295016520,1,63,1
START_EVENT,process,true,1551053976819,1,StartEvent_1,4295020432,1551053976820,68,69,0,4295019688,1,68,1
START_EVENT,process,true,1551053976833,6,StartEvent_1,4295023600,1551053976839,73,74,0,4295022856,1,73,1
START_EVENT,process,true,1551053976842,2,StartEvent_1,4295026768,1551053976844,77,78,0,4295025688,1,77,1
START_EVENT,process,true,1551053976861,1,StartEvent_1,4295029936,1551053976862,83,84,0,4295029192,1,83,1
START_EVENT,process,true,1551053976868,1,StartEvent_1,4295033104,1551053976869,88,89,0,4295032360,1,88,1
START_EVENT,process,true,1551053976875,2,StartEvent_1,4295036272,1551053976877,93,94,0,4295035528,1,93,1
START_EVENT,process,true,1551053976883,1,StartEvent_1,4295039440,1551053976884,98,99,0,4295038696,1,98,1
START_EVENT,process,true,1551053976895,0,StartEvent_1,4295042608,1551053976895,103,104,0,4295041864,1,103,1
START_EVENT,process,true,1551053976901,0,StartEvent_1,4295045776,1551053976901,108,109,0,4295045032,1,108,1
START_EVENT,process,true,1551053976907,1,StartEvent_1,4295048944,1551053976908,113,114,0,4295048200,1,113,1
START_EVENT,process,true,1551053976915,1,StartEvent_1,4295052112,1551053976916,118,119,0,4295051368,1,118,1
START_EVENT,process,true,1551053976923,1,StartEvent_1,4295055280,1551053976924,123,124,0,4295054536,1,123,1
START_EVENT,process,true,1551053976930,1,StartEvent_1,4295058448,1551053976931,128,129,0,4295057704,1,128,1
START_EVENT,process,true,1551053976938,1,StartEvent_1,4295061632,1551053976939,133,134,0,4295060888,1,133,1
START_EVENT,process,true,1551053976945,1,StartEvent_1,4295064816,1551053976946,138,139,0,4295064072,1,138,1
START_EVENT,process,true,1551053976954,1,StartEvent_1,4295068000,1551053976955,143,144,0,4295067256,1,143,1
START_EVENT,process,true,1551053976964,1,StartEvent_1,4295071184,1551053976965,148,149,0,4295070440,1,148,1
START_EVENT,process,true,1551053976971,2,StartEvent_1,4295074368,1551053976973,153,154,0,4295073624,1,153,1
START_EVENT,process,true,1551053976978,1,StartEvent_1,4295077552,1551053976979,158,159,0,4295076808,1,158,1
START_EVENT,process,true,1551053976987,1,StartEvent_1,4295080736,1551053976988,163,164,0,4295079992,1,163,1
START_EVENT,process,true,1551053976994,0,StartEvent_1,4295083920,1551053976994,168,169,0,4295083176,1,168,1
START_EVENT,process,true,1551053977000,1,StartEvent_1,4295087104,1551053977001,173,174,0,4295086360,1,173,1
START_EVENT,process,true,1551053977007,1,StartEvent_1,4295090288,1551053977008,178,179,0,4295089544,1,178,1
START_EVENT,process,true,1551053977014,1,StartEvent_1,4295093472,1551053977015,183,184,0,4295092728,1,183,1
START_EVENT,process,true,1551053977020,1,StartEvent_1,4295096656,1551053977021,188,189,0,4295095912,1,188,1
START_EVENT,process,true,1551053977028,0,StartEvent_1,4295099840,1551053977028,193,194,0,4295099096,1,193,1
START_EVENT,process,true,1551053977036,2,StartEvent_1,4295103024,1551053977038,198,199,0,4295102280,1,198,1
START_EVENT,process,true,1551053977043,1,StartEvent_1,4295106208,1551053977044,203,204,0,4295105464,1,203,1
START_EVENT,process,true,1551053977054,1,StartEvent_1,4295109392,1551053977055,208,209,0,4295108648,1,208,1
START_EVENT,process,true,1551053977063,0,StartEvent_1,4295112576,1551053977063,213,214,0,4295111832,1,213,1
START_EVENT,process,true,1551053977071,0,StartEvent_1,4295115760,1551053977071,218,219,0,4295115016,1,218,1
START_EVENT,process,true,1551053977079,1,StartEvent_1,4295118944,1551053977080,223,224,0,4295118200,1,223,1
START_EVENT,process,true,1551053977090,0,StartEvent_1,4295122128,1551053977090,228,229,0,4295121384,1,228,1
START_EVENT,process,true,1551053977098,1,StartEvent_1,4295125312,1551053977099,233,234,0,4295124568,1,233,1
START_EVENT,process,true,1551053977105,0,StartEvent_1,4295128496,1551053977105,238,239,0,4295127752,1,238,1
START_EVENT,process,true,1551053977112,0,StartEvent_1,4295131680,1551053977112,243,244,0,4295130936,1,243,1
START_EVENT,process,true,1551053977118,0,StartEvent_1,4295134864,1551053977118,248,249,0,4295134120,1,248,1
START_EVENT,process,true,1551053977123,1,StartEvent_1,4295138048,1551053977124,253,254,0,4295137304,1,253,1
START_EVENT,process,true,1551053977132,0,StartEvent_1,4295141256,1551053977132,258,259,0,4295140488,1,258,1
START_EVENT,process,true,1551053977137,1,StartEvent_1,4295144464,1551053977138,263,264,0,4295143696,1,263,1
START_EVENT,process,true,1551053977145,0,StartEvent_1,4295147672,1551053977145,268,269,0,4295146904,1,268,1
START_EVENT,process,true,1551053977151,1,StartEvent_1,4295150880,1551053977152,273,274,0,4295150112,1,273,1
START_EVENT,process,true,1551053977158,1,StartEvent_1,4295154088,1551053977159,278,279,0,4295153320,1,278,1
START_EVENT,process,true,1551053977164,1,StartEvent_1,4295157296,1551053977165,283,284,0,4295156528,1,283,1
START_EVENT,process,true,1551053977169,2,StartEvent_1,4295160504,1551053977171,288,289,0,4295159736,1,288,1
START_EVENT,process,true,1551053977176,0,StartEvent_1,4295163712,1551053977176,293,294,0,4295162944,1,293,1
START_EVENT,process,true,1551053977181,1,StartEvent_1,4295166920,1551053977182,298,299,0,4295166152,1,298,1
START_EVENT,process,true,1551053977188,0,StartEvent_1,4295170128,1551053977188,303,304,0,4295169360,1,303,1
START_EVENT,process,true,1551053977195,1,StartEvent_1,4295173336,1551053977196,308,309,0,4295172568,1,308,1
START_EVENT,process,true,1551053977205,1,StartEvent_1,4295176544,1551053977206,313,314,0,4295175776,1,313,1
START_EVENT,process,true,1551053977212,1,StartEvent_1,4295179752,1551053977213,318,319,0,4295178984,1,318,1
START_EVENT,process,true,1551053977219,1,StartEvent_1,4295182960,1551053977220,323,324,0,4295182192,1,323,1
START_EVENT,process,true,1551053977226,1,StartEvent_1,4295186168,1551053977227,328,329,0,4295185400,1,328,1
START_EVENT,process,true,1551053977233,0,StartEvent_1,4295189376,1551053977233,333,334,0,4295188608,1,333,1
START_EVENT,process,true,1551053977237,1,StartEvent_1,4295192584,1551053977238,338,339,0,4295191816,1,338,1
START_EVENT,process,true,1551053977244,1,StartEvent_1,4295195792,1551053977245,343,344,0,4295195024,1,343,1
START_EVENT,process,true,1551053977253,1,StartEvent_1,4295199000,1551053977254,348,349,0,4295198232,1,348,1
START_EVENT,process,true,1551053977259,0,StartEvent_1,4295202208,1551053977259,353,354,0,4295201440,1,353,1
START_EVENT,process,true,1551053977264,1,StartEvent_1,4295205416,1551053977265,358,359,0,4295204648,1,358,1
START_EVENT,process,true,1551053977270,1,StartEvent_1,4295208624,1551053977271,363,364,0,4295207856,1,363,1
START_EVENT,process,true,1551053977276,1,StartEvent_1,4295211832,1551053977277,368,369,0,4295211064,1,368,1
START_EVENT,process,true,1551053977282,0,StartEvent_1,4295215040,1551053977282,373,374,0,4295214272,1,373,1
START_EVENT,process,true,1551053977292,0,StartEvent_1,4295218248,1551053977292,378,379,0,4295217480,1,378,1
START_EVENT,process,true,1551053977301,1,StartEvent_1,4295221456,1551053977302,383,384,0,4295220688,1,383,1
START_EVENT,process,true,1551053977314,0,StartEvent_1,4295224664,1551053977314,388,389,0,4295223896,1,388,1
START_EVENT,process,true,1551053977320,0,StartEvent_1,4295227872,1551053977320,393,394,0,4295227104,1,393,1
START_EVENT,process,true,1551053977326,0,StartEvent_1,4295231080,1551053977326,398,399,0,4295230312,1,398,1
START_EVENT,process,true,1551053977332,0,StartEvent_1,4295234288,1551053977332,403,404,0,4295233520,1,403,1
START_EVENT,process,true,1551053977338,0,StartEvent_1,4295237496,1551053977338,408,409,0,4295236728,1,408,1
START_EVENT,process,true,1551053977344,-1,StartEvent_1,4295240704,1551053977343,413,414,0,4295239936,1,413,1
START_EVENT,process,true,1551053977349,1,StartEvent_1,4295243912,1551053977350,418,419,0,4295243144,1,418,1
START_EVENT,process,true,1551053977355,1,StartEvent_1,4295247120,1551053977356,423,424,0,4295246352,1,423,1
START_EVENT,process,true,1551053977363,0,StartEvent_1,4295250328,1551053977363,428,429,0,4295249560,1,428,1
START_EVENT,process,true,1551053977370,1,StartEvent_1,4295253536,1551053977371,433,434,0,4295252768,1,433,1
START_EVENT,process,true,1551053977376,1,StartEvent_1,4295256744,1551053977377,438,439,0,4295255976,1,438,1
START_EVENT,process,true,1551053977382,2,StartEvent_1,4295259952,1551053977384,443,444,0,4295259184,1,443,1
START_EVENT,process,true,1551053977389,0,StartEvent_1,4295263160,1551053977389,448,449,0,4295262392,1,448,1
START_EVENT,process,true,1551053977394,0,StartEvent_1,4295266368,1551053977394,453,454,0,4295265600,1,453,1
START_EVENT,process,true,1551053977400,1,StartEvent_1,4295269576,1551053977401,458,459,0,4295268808,1,458,1
START_EVENT,process,true,1551053977407,1,StartEvent_1,4295272784,1551053977408,463,464,0,4295272016,1,463,1
START_EVENT,process,true,1551053977414,1,StartEvent_1,4295275992,1551053977415,468,469,0,4295275224,1,468,1
START_EVENT,process,true,1551053977421,0,StartEvent_1,4295279200,1551053977421,473,474,0,4295278432,1,473,1
START_EVENT,process,true,1551053977427,1,StartEvent_1,4295282408,1551053977428,478,479,0,4295281640,1,478,1
START_EVENT,process,true,1551053977433,0,StartEvent_1,4295285616,1551053977433,483,484,0,4295284848,1,483,1
START_EVENT,process,true,1551053977437,1,StartEvent_1,4295288824,1551053977438,488,489,0,4295288056,1,488,1
START_EVENT,process,true,1551053977444,1,StartEvent_1,4295292032,1551053977445,493,494,0,4295291264,1,493,1
START_EVENT,process,true,1551053977451,0,StartEvent_1,4295295240,1551053977451,498,499,0,4295294472,1,498,1
START_EVENT,process,true,1551053977457,0,StartEvent_1,4295298448,1551053977457,503,504,0,4295297680,1,503,1
START_EVENT,process,true,1551053977463,1,StartEvent_1,4295301656,1551053977464,508,509,0,4295300888,1,508,1
START_EVENT,process,true,1551053977469,1,StartEvent_1,4295304864,1551053977470,513,514,0,4295304096,1,513,1
START_EVENT,process,true,1551053977475,1,StartEvent_1,4295308072,1551053977476,518,519,0,4295307304,1,518,1
START_EVENT,process,true,1551053977482,0,StartEvent_1,4295311280,1551053977482,523,524,0,4295310512,1,523,1
START_EVENT,process,true,1551053977486,1,StartEvent_1,4295314488,1551053977487,528,529,0,4295313720,1,528,1
START_EVENT,process,true,1551053977494,0,StartEvent_1,4295317696,1551053977494,533,534,0,4295316928,1,533,1
START_EVENT,process,true,1551053977502,0,StartEvent_1,4295320904,1551053977502,538,539,0,4295320136,1,538,1
START_EVENT,process,true,1551053977507,0,StartEvent_1,4295324112,1551053977507,543,544,0,4295323344,1,543,1
START_EVENT,process,true,1551053977513,0,StartEvent_1,4295327320,1551053977513,548,549,0,4295326552,1,548,1
START_EVENT,process,true,1551053977520,0,StartEvent_1,4295330528,1551053977520,553,554,0,4295329760,1,553,1
START_EVENT,process,true,1551053977525,0,StartEvent_1,4295333736,1551053977525,558,559,0,4295332968,1,558,1
START_EVENT,process,true,1551053977531,0,StartEvent_1,4295336944,1551053977531,563,564,0,4295336176,1,563,1
START_EVENT,process,true,1551053977538,0,StartEvent_1,4295340152,1551053977538,568,569,0,4295339384,1,568,1
START_EVENT,process,true,1551053977543,0,StartEvent_1,4295343360,1551053977543,573,574,0,4295342592,1,573,1
START_EVENT,process,true,1551053977549,1,StartEvent_1,4295346568,1551053977550,578,579,0,4295345800,1,578,1
START_EVENT,process,true,1551053977556,1,StartEvent_1,4295349776,1551053977557,583,584,0,4295349008,1,583,1
START_EVENT,process,true,1551053977563,0,StartEvent_1,4295352984,1551053977563,588,589,0,4295352216,1,588,1
START_EVENT,process,true,1551053977569,0,StartEvent_1,4295356192,1551053977569,593,594,0,4295355424,1,593,1
START_EVENT,process,true,1551053977577,0,StartEvent_1,4295359400,1551053977577,598,599,0,4295358632,1,598,1
START_EVENT,process,true,1551053977584,1,StartEvent_1,4295362608,1551053977585,603,604,0,4295361840,1,603,1
START_EVENT,process,true,1551053977591,0,StartEvent_1,4295365816,1551053977591,608,609,0,4295365048,1,608,1
START_EVENT,process,true,1551053977597,0,StartEvent_1,4295369024,1551053977597,613,614,0,4295368256,1,613,1
START_EVENT,process,true,1551053977603,1,StartEvent_1,4295372232,1551053977604,618,619,0,4295371464,1,618,1
START_EVENT,process,true,1551053977609,0,StartEvent_1,4295375440,1551053977609,623,624,0,4295374672,1,623,1
START_EVENT,process,true,1551053977615,0,StartEvent_1,4295378648,1551053977615,628,629,0,4295377880,1,628,1
START_EVENT,process,true,1551053977620,1,StartEvent_1,4295381856,1551053977621,633,634,0,4295381088,1,633,1
START_EVENT,process,true,1551053977629,1,StartEvent_1,4295385064,1551053977630,638,639,0,4295384296,1,638,1
START_EVENT,process,true,1551053977641,2,StartEvent_1,4295388272,1551053977643,643,644,0,4295387504,1,643,1
START_EVENT,process,true,1551053977648,1,StartEvent_1,4295391480,1551053977649,648,649,0,4295390712,1,648,1
START_EVENT,process,true,1551053977657,0,StartEvent_1,4295394688,1551053977657,653,654,0,4295393920,1,653,1
START_EVENT,process,true,1551053977663,1,StartEvent_1,4295397896,1551053977664,658,659,0,4295397128,1,658,1
START_EVENT,process,true,1551053977670,0,StartEvent_1,4295401104,1551053977670,663,664,0,4295400336,1,663,1
START_EVENT,process,true,1551053977677,1,StartEvent_1,4295404312,1551053977678,668,669,0,4295403544,1,668,1
START_EVENT,process,true,1551053977683,0,StartEvent_1,4295407520,1551053977683,673,674,0,4295406752,1,673,1
START_EVENT,process,true,1551053977689,1,StartEvent_1,4295410728,1551053977690,678,679,0,4295409960,1,678,1
START_EVENT,process,true,1551053977696,0,StartEvent_1,4295413936,1551053977696,683,684,0,4295413168,1,683,1
START_EVENT,process,true,1551053977701,0,StartEvent_1,4295417144,1551053977701,688,689,0,4295416376,1,688,1
START_EVENT,process,true,1551053977706,0,StartEvent_1,4295420352,1551053977706,693,694,0,4295419584,1,693,1
START_EVENT,process,true,1551053977712,0,StartEvent_1,4295423560,1551053977712,698,699,0,4295422792,1,698,1
START_EVENT,process,true,1551053977717,1,StartEvent_1,4295426768,1551053977718,703,704,0,4295426000,1,703,1
START_EVENT,process,true,1551053977723,0,StartEvent_1,4295429976,1551053977723,708,709,0,4295429208,1,708,1
START_EVENT,process,true,1551053977731,0,StartEvent_1,4295433184,1551053977731,713,714,0,4295432416,1,713,1
START_EVENT,process,true,1551053977737,0,StartEvent_1,4295436392,1551053977737,718,719,0,4295435624,1,718,1
START_EVENT,process,true,1551053977743,0,StartEvent_1,4295439600,1551053977743,723,724,0,4295438832,1,723,1
START_EVENT,process,true,1551053977749,0,StartEvent_1,4295442808,1551053977749,728,729,0,4295442040,1,728,1
START_EVENT,process,true,1551053977755,0,StartEvent_1,4295446016,1551053977755,733,734,0,4295445248,1,733,1
START_EVENT,process,true,1551053977762,0,StartEvent_1,4295449224,1551053977762,738,739,0,4295448456,1,738,1
START_EVENT,process,true,1551053977767,0,StartEvent_1,4295452432,1551053977767,743,744,0,4295451664,1,743,1
START_EVENT,process,true,1551053977774,0,StartEvent_1,4295455640,1551053977774,748,749,0,4295454872,1,748,1
START_EVENT,process,true,1551053977778,1,StartEvent_1,4295458848,1551053977779,753,754,0,4295458080,1,753,1
START_EVENT,process,true,1551053977785,1,StartEvent_1,4295462056,1551053977786,758,759,0,4295461288,1,758,1
START_EVENT,process,true,1551053977791,1,StartEvent_1,4295465264,1551053977792,763,764,0,4295464496,1,763,1
START_EVENT,process,true,1551053977797,0,StartEvent_1,4295468472,1551053977797,768,769,0,4295467704,1,768,1
START_EVENT,process,true,1551053977801,1,StartEvent_1,4295471680,1551053977802,773,774,0,4295470912,1,773,1
START_EVENT,process,true,1551053977811,0,StartEvent_1,4295474888,1551053977811,778,779,0,4295474120,1,778,1
START_EVENT,process,true,1551053977816,1,StartEvent_1,4295478096,1551053977817,783,784,0,4295477328,1,783,1
START_EVENT,process,true,1551053977822,-1,StartEvent_1,4295481304,1551053977821,788,789,0,4295480536,1,788,1
START_EVENT,process,true,1551053977827,0,StartEvent_1,4295484512,1551053977827,793,794,0,4295483744,1,793,1
START_EVENT,process,true,1551053977833,0,StartEvent_1,4295487720,1551053977833,798,799,0,4295486952,1,798,1
START_EVENT,process,true,1551053977839,0,StartEvent_1,4295490928,1551053977839,803,804,0,4295490160,1,803,1
START_EVENT,process,true,1551053977843,1,StartEvent_1,4295494136,1551053977844,808,809,0,4295493368,1,808,1
START_EVENT,process,true,1551053977849,1,StartEvent_1,4295497344,1551053977850,813,814,0,4295496576,1,813,1
START_EVENT,process,true,1551053977859,1,StartEvent_1,4295500552,1551053977860,818,819,0,4295499784,1,818,1
START_EVENT,process,true,1551053977870,1,StartEvent_1,4295503760,1551053977871,823,824,0,4295502992,1,823,1
START_EVENT,process,true,1551053977875,1,StartEvent_1,4295506968,1551053977876,828,829,0,4295506200,1,828,1
START_EVENT,process,true,1551053977882,1,StartEvent_1,4295510176,1551053977883,833,834,0,4295509408,1,833,1
START_EVENT,process,true,1551053977888,0,StartEvent_1,4295513384,1551053977888,838,839,0,4295512616,1,838,1
START_EVENT,process,true,1551053977893,0,StartEvent_1,4295516592,1551053977893,843,844,0,4295515824,1,843,1
START_EVENT,process,true,1551053977899,0,StartEvent_1,4295519800,1551053977899,848,849,0,4295519032,1,848,1
START_EVENT,process,true,1551053977904,0,StartEvent_1,4295523008,1551053977904,853,854,0,4295522240,1,853,1
START_EVENT,process,true,1551053977912,0,StartEvent_1,4295526216,1551053977912,858,859,0,4295525448,1,858,1
START_EVENT,process,true,1551053977917,0,StartEvent_1,4295529424,1551053977917,863,864,0,4295528656,1,863,1
START_EVENT,process,true,1551053977924,0,StartEvent_1,4295532632,1551053977924,868,869,0,4295531864,1,868,1
START_EVENT,process,true,1551053977930,1,StartEvent_1,4295535840,1551053977931,873,874,0,4295535072,1,873,1
START_EVENT,process,true,1551053977936,1,StartEvent_1,4295539048,1551053977937,878,879,0,4295538280,1,878,1
START_EVENT,process,true,1551053977942,0,StartEvent_1,4295542256,1551053977942,883,884,0,4295541488,1,883,1
SERVICE_TASK,process,true,1551053976663,4775,ServiceTask_0kt6c5i,4295563848,1551053981438,3,6,0,4294979768,1,3,1
SERVICE_TASK,process,true,1551053976692,4754,ServiceTask_0kt6c5i,4295566096,1551053981446,18,21,0,4294989272,1,18,1
SERVICE_TASK,process,true,1551053976674,4774,ServiceTask_0kt6c5i,4295569192,1551053981448,7,11,0,4294982936,1,7,1
SERVICE_TASK,process,true,1551053976684,4764,ServiceTask_0kt6c5i,4295569456,1551053981448,13,16,0,4294986104,1,13,1
SERVICE_TASK,process,true,1551053976702,4748,ServiceTask_0kt6c5i,4295569720,1551053981450,23,26,0,4294992440,1,23,1
END_EVENT,process,true,1551053981446,4,EndEvent_0crvjrk,4295569984,1551053981450,3,890,0,4295565840,1,3,1
PROCESS,process,true,1551053976653,4797,process,4295572560,1551053981450,-1,3,0,4294978024,1,3,1
END_EVENT,process,true,1551053981448,2,EndEvent_0crvjrk,4295573096,1551053981450,18,892,0,4295568936,1,18,1
PROCESS,process,true,1551053976688,4764,process,4295575736,1551053981452,-1,18,0,4294987528,1,18,1
END_EVENT,process,true,1551053981451,1,EndEvent_0crvjrk,4295575984,1551053981452,7,896,0,4295571792,1,7,1
END_EVENT,process,true,1551053981450,3,EndEvent_0crvjrk,4295576240,1551053981453,13,897,0,4295572048,1,13,1
END_EVENT,process,true,1551053981450,3,EndEvent_0crvjrk,4295576496,1551053981453,23,898,0,4295572304,1,23,1
SERVICE_TASK,process,true,1551053976712,4741,ServiceTask_0kt6c5i,4295576752,1551053981453,28,31,0,4294995608,1,28,1
PROCESS,process,true,1551053976665,4789,process,4295578024,1551053981454,-1,7,0,4294980856,1,7,1
PROCESS,process,true,1551053976678,4776,process,4295578272,1551053981454,-1,13,0,4294984360,1,13,1
PROCESS,process,true,1551053976698,4756,process,4295578520,1551053981454,-1,23,0,4294990696,1,23,1
END_EVENT,process,true,1551053981454,0,EndEvent_0crvjrk,4295579536,1551053981454,28,900,0,4295578768,1,28,1
PROCESS,process,true,1551053976709,4746,process,4295580040,1551053981455,-1,28,0,4294993864,1,28,1
SERVICE_TASK,process,true,1551053976724,4735,ServiceTask_0kt6c5i,4295582064,1551053981459,33,36,0,4294998776,1,33,1
SERVICE_TASK,process,true,1551053976754,4705,ServiceTask_0kt6c5i,4295582328,1551053981459,43,46,0,4295005112,1,43,1
END_EVENT,process,true,1551053981461,0,EndEvent_0crvjrk,4295584656,1551053981461,33,903,0,4295583120,1,33,1
END_EVENT,process,true,1551053981461,0,EndEvent_0crvjrk,4295584912,1551053981461,43,904,0,4295583376,1,43,1
PROCESS,process,true,1551053976719,4743,process,4295585664,1551053981462,-1,33,0,4294997032,1,33,1
PROCESS,process,true,1551053976749,4713,process,4295585912,1551053981462,-1,43,0,4295003368,1,43,1
SERVICE_TASK,process,true,1551053976738,4726,ServiceTask_0kt6c5i,4295587048,1551053981464,38,41,0,4295001944,1,38,1
END_EVENT,process,true,1551053981465,0,EndEvent_0crvjrk,4295588344,1551053981465,38,906,0,4295587576,1,38,1
PROCESS,process,true,1551053976735,4730,process,4295588848,1551053981465,-1,38,0,4295000200,1,38,1
SERVICE_TASK,process,true,1551053976774,4698,ServiceTask_0kt6c5i,4295590872,1551053981472,48,51,0,4295008280,1,48,1
SERVICE_TASK,process,true,1551053976788,4684,ServiceTask_0kt6c5i,4295591136,1551053981472,53,56,0,4295011448,1,53,1
END_EVENT,process,true,1551053981473,1,EndEvent_0crvjrk,4295593464,1551053981474,48,909,0,4295591928,1,48,1
END_EVENT,process,true,1551053981473,1,EndEvent_0crvjrk,4295593720,1551053981474,53,910,0,4295592184,1,53,1
PROCESS,process,true,1551053976765,4709,process,4295594472,1551053981474,-1,48,0,4295006536,1,48,1
PROCESS,process,true,1551053976783,4691,process,4295594720,1551053981474,-1,53,0,4295009704,1,53,1
SERVICE_TASK,process,true,1551053976814,4671,ServiceTask_0kt6c5i,4295597920,1551053981485,63,66,0,4295017784,1,63,1
SERVICE_TASK,process,true,1551053976801,4685,ServiceTask_0kt6c5i,4295598528,1551053981486,58,61,0,4295014616,1,58,1
SERVICE_TASK,process,true,1551053976821,4665,ServiceTask_0kt6c5i,4295599368,1551053981486,68,71,0,4295020952,1,68,1
SERVICE_TASK,process,true,1551053976841,4646,ServiceTask_0kt6c5i,4295601624,1551053981487,73,76,0,4295024344,1,73,1
SERVICE_TASK,process,true,1551053976844,4644,ServiceTask_0kt6c5i,4295603688,1551053981488,77,81,0,4295027288,1,77,1
SERVICE_TASK,process,true,1551053976863,4625,ServiceTask_0kt6c5i,4295603952,1551053981488,83,86,0,4295030456,1,83,1
END_EVENT,process,true,1551053981487,1,EndEvent_0crvjrk,4295606024,1551053981488,63,914,0,4295601368,1,63,1
END_EVENT,process,true,1551053981487,3,EndEvent_0crvjrk,4295606536,1551053981490,58,915,0,4295601888,1,58,1
END_EVENT,process,true,1551053981487,3,EndEvent_0crvjrk,4295607304,1551053981490,68,916,0,4295602656,1,68,1
PROCESS,process,true,1551053976806,4685,process,4295609360,1551053981491,-1,63,0,4295016040,1,63,1
END_EVENT,process,true,1551053981488,3,EndEvent_0crvjrk,4295609608,1551053981491,73,918,0,4295604728,1,73,1
PROCESS,process,true,1551053976796,4695,process,4295610208,1551053981491,-1,58,0,4295012872,1,58,1
PROCESS,process,true,1551053976818,4674,process,4295611256,1551053981492,-1,68,0,4295019208,1,68,1
END_EVENT,process,true,1551053981490,2,EndEvent_0crvjrk,4295612640,1551053981492,77,921,0,4295606792,1,77,1
END_EVENT,process,true,1551053981490,4,EndEvent_0crvjrk,4295612896,1551053981494,83,922,0,4295607048,1,83,1
PROCESS,process,true,1551053976832,4662,process,4295613152,1551053981494,-1,73,0,4295022376,1,73,1
SERVICE_TASK,process,true,1551053976870,4625,ServiceTask_0kt6c5i,4295613400,1551053981495,88,91,0,4295033624,1,88,1
SERVICE_TASK,process,true,1551053976878,4618,ServiceTask_0kt6c5i,4295615856,1551053981496,93,96,0,4295036792,1,93,1
PROCESS,process,true,1551053976841,4656,process,4295616464,1551053981497,-1,77,0,4295024608,1,77,1
PROCESS,process,true,1551053976860,4637,process,4295616712,1551053981497,-1,83,0,4295028712,1,83,1
SERVICE_TASK,process,true,1551053976884,4612,ServiceTask_0kt6c5i,4295617216,1551053981496,98,101,0,4295039960,1,98,1
SERVICE_TASK,process,true,1551053976896,4602,ServiceTask_0kt6c5i,4295619376,1551053981498,103,106,0,4295043128,1,103,1
SERVICE_TASK,process,true,1551053976903,4596,ServiceTask_0kt6c5i,4295620152,1551053981499,108,111,0,4295046296,1,108,1
END_EVENT,process,true,1551053981496,4,EndEvent_0crvjrk,4295620936,1551053981500,88,924,0,4295616960,1,88,1
END_EVENT,process,true,1551053981499,4,EndEvent_0crvjrk,4295636616,1551053981503,93,927,0,4295619120,1,93,1
PROCESS,process,true,1551053976867,4636,process,4295637128,1551053981503,-1,88,0,4295031880,1,88,1
END_EVENT,process,true,1551053981499,4,EndEvent_0crvjrk,4295637376,1551053981503,98,928,0,4295619896,1,98,1
PROCESS,process,true,1551053976874,4632,process,4295640384,1551053981506,-1,93,0,4295035048,1,93,1
END_EVENT,process,true,1551053981500,6,EndEvent_0crvjrk,4295640632,1551053981506,103,931,0,4295622144,1,103,1
PROCESS,process,true,1551053976881,4625,process,4295640888,1551053981506,-1,98,0,4295038216,1,98,1
SERVICE_TASK,process,true,1551053976910,4596,ServiceTask_0kt6c5i,4295641136,1551053981506,113,116,0,4295049464,1,113,1
SERVICE_TASK,process,true,1551053976917,4590,ServiceTask_0kt6c5i,4295641744,1551053981507,118,121,0,4295052632,1,118,1
END_EVENT,process,true,1551053981503,4,EndEvent_0crvjrk,4295642008,1551053981507,108,933,0,4295636360,1,108,1
PROCESS,process,true,1551053976894,4616,process,4295643544,1551053981510,-1,103,0,4295041384,1,103,1
SERVICE_TASK,process,true,1551053976925,4585,ServiceTask_0kt6c5i,4295644336,1551053981510,123,126,0,4295055800,1,123,1
PROCESS,process,true,1551053976900,4611,process,4295644856,1551053981511,-1,108,0,4295044552,1,108,1
END_EVENT,process,true,1551053981510,2,EndEvent_0crvjrk,4295647248,1551053981512,113,936,0,4295643792,1,113,1
SERVICE_TASK,process,true,1551053976932,4581,ServiceTask_0kt6c5i,4295647504,1551053981513,128,131,0,4295058968,1,128,1
END_EVENT,process,true,1551053981510,2,EndEvent_0crvjrk,4295648024,1551053981512,118,937,0,4295644600,1,118,1
PROCESS,process,true,1551053976907,4607,process,4295649296,1551053981514,-1,113,0,4295047720,1,113,1
END_EVENT,process,true,1551053981512,1,EndEvent_0crvjrk,4295650088,1551053981513,123,939,0,4295646736,1,123,1
PROCESS,process,true,1551053976915,4598,process,4295650344,1551053981513,-1,118,0,4295050888,1,118,1
PROCESS,process,true,1551053976923,4592,process,4295651952,1551053981515,-1,123,0,4295054056,1,123,1
END_EVENT,process,true,1551053981513,2,EndEvent_0crvjrk,4295652200,1551053981515,128,941,0,4295649544,1,128,1
SERVICE_TASK,process,true,1551053976939,4576,ServiceTask_0kt6c5i,4295652456,1551053981515,133,136,0,4295062152,1,133,1
PROCESS,process,true,1551053976930,4586,process,4295653232,1551053981516,-1,128,0,4295057224,1,128,1
END_EVENT,process,true,1551053981516,0,EndEvent_0crvjrk,4295654248,1551053981516,133,943,0,4295653480,1,133,1
PROCESS,process,true,1551053976937,4580,process,4295654752,1551053981517,-1,133,0,4295060408,1,133,1
SERVICE_TASK,process,true,1551053976947,4570,ServiceTask_0kt6c5i,4295655888,1551053981517,138,141,0,4295065336,1,138,1
END_EVENT,process,true,1551053981518,1,EndEvent_0crvjrk,4295657184,1551053981519,138,945,0,4295656416,1,138,1
PROCESS,process,true,1551053976945,4574,process,4295657688,1551053981519,-1,138,0,4295063592,1,138,1
SERVICE_TASK,process,true,1551053976955,4567,ServiceTask_0kt6c5i,4295658824,1551053981522,143,146,0,4295068520,1,143,1
SERVICE_TASK,process,true,1551053976966,4559,ServiceTask_0kt6c5i,4295660752,1551053981525,148,151,0,4295071704,1,148,1
END_EVENT,process,true,1551053981524,1,EndEvent_0crvjrk,4295661536,1551053981525,143,947,0,4295659984,1,143,1
PROCESS,process,true,1551053976953,4573,process,4295662840,1551053981526,-1,143,0,4295066776,1,143,1
END_EVENT,process,true,1551053981525,1,EndEvent_0crvjrk,4295664264,1551053981526,148,949,0,4295661792,1,148,1
SERVICE_TASK,process,true,1551053976973,4554,ServiceTask_0kt6c5i,4295666000,1551053981527,153,156,0,4295074888,1,153,1
PROCESS,process,true,1551053976963,4564,process,4295667120,1551053981527,-1,148,0,4295069960,1,148,1
SERVICE_TASK,process,true,1551053976980,4548,ServiceTask_0kt6c5i,4295667632,1551053981528,158,161,0,4295078072,1,158,1
SERVICE_TASK,process,true,1551053976988,4540,ServiceTask_0kt6c5i,4295667896,1551053981528,163,166,0,4295081256,1,163,1
SERVICE_TASK,process,true,1551053976995,4534,ServiceTask_0kt6c5i,4295669200,1551053981529,168,171,0,4295084440,1,168,1
END_EVENT,process,true,1551053981528,2,EndEvent_0crvjrk,4295671520,1551053981530,153,951,0,4295668416,1,153,1
END_EVENT,process,true,1551053981529,1,EndEvent_0crvjrk,4295672792,1551053981530,158,954,0,4295669720,1,158,1
END_EVENT,process,true,1551053981529,2,EndEvent_0crvjrk,4295673048,1551053981531,163,955,0,4295669976,1,163,1
PROCESS,process,true,1551053976970,4561,process,4295673560,1551053981531,-1,153,0,4295073144,1,153,1
END_EVENT,process,true,1551053981530,1,EndEvent_0crvjrk,4295674304,1551053981531,168,957,0,4295671264,1,168,1
PROCESS,process,true,1551053976978,4553,process,4295674560,1551053981531,-1,158,0,4295076328,1,158,1
PROCESS,process,true,1551053976985,4546,process,4295674808,1551053981531,-1,163,0,4295079512,1,163,1
PROCESS,process,true,1551053976993,4539,process,4295675304,1551053981532,-1,168,0,4295082696,1,168,1
SERVICE_TASK,process,true,1551053977002,4532,ServiceTask_0kt6c5i,4295677904,1551053981534,173,176,0,4295087624,1,173,1
SERVICE_TASK,process,true,1551053977009,4525,ServiceTask_0kt6c5i,4295678168,1551053981534,178,181,0,4295090808,1,178,1
SERVICE_TASK,process,true,1551053977022,4512,ServiceTask_0kt6c5i,4295680672,1551053981534,188,191,0,4295097176,1,188,1
SERVICE_TASK,process,true,1551053977015,4519,ServiceTask_0kt6c5i,4295680936,1551053981534,183,186,0,4295093992,1,183,1
END_EVENT,process,true,1551053981535,2,EndEvent_0crvjrk,4295683264,1551053981537,173,960,0,4295680160,1,173,1
END_EVENT,process,true,1551053981535,2,EndEvent_0crvjrk,4295683520,1551053981537,178,961,0,4295680416,1,178,1
PROCESS,process,true,1551053977000,4538,process,4295685296,1551053981538,-1,173,0,4295085880,1,173,1
PROCESS,process,true,1551053977007,4531,process,4295685544,1551053981538,-1,178,0,4295089064,1,178,1
END_EVENT,process,true,1551053981537,1,EndEvent_0crvjrk,4295685792,1551053981538,188,964,0,4295682752,1,188,1
END_EVENT,process,true,1551053981537,2,EndEvent_0crvjrk,4295686048,1551053981539,183,965,0,4295683008,1,183,1
PROCESS,process,true,1551053977020,4519,process,4295686800,1551053981539,-1,188,0,4295095432,1,188,1
PROCESS,process,true,1551053977014,4525,process,4295687048,1551053981539,-1,183,0,4295092248,1,183,1
SERVICE_TASK,process,true,1551053977030,4512,ServiceTask_0kt6c5i,4295688472,1551053981542,193,196,0,4295100360,1,193,1
SERVICE_TASK,process,true,1551053977039,4504,ServiceTask_0kt6c5i,4295690776,1551053981543,198,201,0,4295103544,1,198,1
SERVICE_TASK,process,true,1551053977056,4488,ServiceTask_0kt6c5i,4295692160,1551053981544,208,211,0,4295109912,1,208,1
SERVICE_TASK,process,true,1551053977045,4500,ServiceTask_0kt6c5i,4295693456,1551053981545,203,206,0,4295106728,1,203,1
END_EVENT,process,true,1551053981542,3,EndEvent_0crvjrk,4295693720,1551053981545,193,967,0,4295690520,1,193,1
PROCESS,process,true,1551053977027,4519,process,4295695768,1551053981546,-1,193,0,4295098616,1,193,1
END_EVENT,process,true,1551053981544,2,EndEvent_0crvjrk,4295696016,1551053981546,198,969,0,4295692936,1,198,1
END_EVENT,process,true,1551053981545,1,EndEvent_0crvjrk,4295697320,1551053981546,208,971,0,4295694232,1,208,1
PROCESS,process,true,1551053977035,4513,process,4295698752,1551053981548,-1,198,0,4295101800,1,198,1
END_EVENT,process,true,1551053981546,2,EndEvent_0crvjrk,4295699792,1551053981548,203,973,0,4295695512,1,203,1
PROCESS,process,true,1551053977053,4496,process,4295701080,1551053981549,-1,208,0,4295108168,1,208,1
SERVICE_TASK,process,true,1551053977064,4485,ServiceTask_0kt6c5i,4295701328,1551053981549,213,216,0,4295113096,1,213,1
PROCESS,process,true,1551053977043,4506,process,4295702872,1551053981549,-1,203,0,4295104984,1,203,1
SERVICE_TASK,process,true,1551053977081,4468,ServiceTask_0kt6c5i,4295703120,1551053981549,223,226,0,4295119464,1,223,1
SERVICE_TASK,process,true,1551053977072,4477,ServiceTask_0kt6c5i,4295703384,1551053981549,218,221,0,4295116280,1,218,1
SERVICE_TASK,process,true,1551053977091,4458,ServiceTask_0kt6c5i,4295703648,1551053981549,228,231,0,4295122648,1,228,1
END_EVENT,process,true,1551053981549,2,EndEvent_0crvjrk,4295707008,1551053981551,213,975,0,4295703912,1,213,1
END_EVENT,process,true,1551053981551,1,EndEvent_0crvjrk,4295708280,1551053981552,223,979,0,4295705216,1,223,1
END_EVENT,process,true,1551053981551,1,EndEvent_0crvjrk,4295708536,1551053981552,218,980,0,4295705472,1,218,1
END_EVENT,process,true,1551053981551,1,EndEvent_0crvjrk,4295708792,1551053981552,228,981,0,4295705728,1,228,1
PROCESS,process,true,1551053977062,4490,process,4295709048,1551053981552,-1,213,0,4295111352,1,213,1
PROCESS,process,true,1551053977079,4474,process,4295710040,1551053981553,-1,223,0,4295117720,1,223,1
PROCESS,process,true,1551053977070,4483,process,4295710288,1551053981553,-1,218,0,4295114536,1,218,1
PROCESS,process,true,1551053977089,4464,process,4295710536,1551053981553,-1,228,0,4295120904,1,228,1
SERVICE_TASK,process,true,1551053977100,4456,ServiceTask_0kt6c5i,4295727488,1551053981556,233,236,0,4295125832,1,233,1
SERVICE_TASK,process,true,1551053977106,4450,ServiceTask_0kt6c5i,4295727752,1551053981556,238,241,0,4295129016,1,238,1
SERVICE_TASK,process,true,1551053977112,4444,ServiceTask_0kt6c5i,4295728016,1551053981556,243,246,0,4295132200,1,243,1
SERVICE_TASK,process,true,1551053977120,4436,ServiceTask_0kt6c5i,4295728280,1551053981556,248,251,0,4295135384,1,248,1
END_EVENT,process,true,1551053981557,14,EndEvent_0crvjrk,4295734512,1551053981571,233,987,0,4295729600,1,233,1
END_EVENT,process,true,1551053981557,14,EndEvent_0crvjrk,4295735288,1551053981571,238,988,0,4295729856,1,238,1
END_EVENT,process,true,1551053981557,14,EndEvent_0crvjrk,4295735544,1551053981571,243,989,0,4295730112,1,243,1
END_EVENT,process,true,1551053981557,15,EndEvent_0crvjrk,4295735800,1551053981572,248,990,0,4295730368,1,248,1
SERVICE_TASK,process,true,1551053977125,4447,ServiceTask_0kt6c5i,4295736992,1551053981572,253,256,0,4295138568,1,253,1
SERVICE_TASK,process,true,1551053977146,4426,ServiceTask_0kt6c5i,4295737256,1551053981572,268,271,0,4295148192,1,268,1
PROCESS,process,true,1551053977098,4475,process,4295738792,1551053981573,-1,233,0,4295124088,1,233,1
PROCESS,process,true,1551053977104,4469,process,4295739568,1551053981573,-1,238,0,4295127272,1,238,1
PROCESS,process,true,1551053977111,4462,process,4295739816,1551053981573,-1,243,0,4295130456,1,243,1
PROCESS,process,true,1551053977117,4456,process,4295740064,1551053981573,-1,248,0,4295133640,1,248,1
SERVICE_TASK,process,true,1551053977138,4435,ServiceTask_0kt6c5i,4295740312,1551053981573,263,266,0,4295144984,1,263,1
SERVICE_TASK,process,true,1551053977133,4441,ServiceTask_0kt6c5i,4295740576,1551053981574,258,261,0,4295141776,1,258,1
SERVICE_TASK,process,true,1551053977152,4424,ServiceTask_0kt6c5i,4295744824,1551053981576,273,276,0,4295151400,1,273,1
END_EVENT,process,true,1551053981574,2,EndEvent_0crvjrk,4295745088,1551053981576,253,993,0,4295741128,1,253,1
END_EVENT,process,true,1551053981574,2,EndEvent_0crvjrk,4295745344,1551053981576,268,994,0,4295741384,1,268,1
END_EVENT,process,true,1551053981575,3,EndEvent_0crvjrk,4295746872,1551053981578,263,997,0,4295743024,1,263,1
END_EVENT,process,true,1551053981575,3,EndEvent_0crvjrk,4295747128,1551053981578,258,998,0,4295743280,1,258,1
PROCESS,process,true,1551053977123,4455,process,4295748216,1551053981578,-1,253,0,4295136824,1,253,1
PROCESS,process,true,1551053977144,4434,process,4295748464,1551053981578,-1,268,0,4295146424,1,268,1
PROCESS,process,true,1551053977136,4443,process,4295750152,1551053981579,-1,263,0,4295143216,1,263,1
PROCESS,process,true,1551053977131,4448,process,4295750400,1551053981579,-1,258,0,4295140008,1,258,1
SERVICE_TASK,process,true,1551053977166,4414,ServiceTask_0kt6c5i,4295751432,1551053981580,283,286,0,4295157816,1,283,1
SERVICE_TASK,process,true,1551053977159,4421,ServiceTask_0kt6c5i,4295751696,1551053981580,278,281,0,4295154608,1,278,1
END_EVENT,process,true,1551053981578,2,EndEvent_0crvjrk,4295751960,1551053981580,273,1000,0,4295747960,1,273,1
PROCESS,process,true,1551053977150,4430,process,4295753504,1551053981580,-1,273,0,4295149632,1,273,1
END_EVENT,process,true,1551053981580,1,EndEvent_0crvjrk,4295754776,1551053981581,283,1003,0,4295752992,1,283,1
END_EVENT,process,true,1551053981580,1,EndEvent_0crvjrk,4295755032,1551053981581,278,1004,0,4295753248,1,278,1
PROCESS,process,true,1551053977164,4417,process,4295755784,1551053981581,-1,283,0,4295156048,1,283,1
PROCESS,process,true,1551053977156,4426,process,4295756032,1551053981582,-1,278,0,4295152840,1,278,1
SERVICE_TASK,process,true,1551053977170,4412,ServiceTask_0kt6c5i,4295757176,1551053981582,288,291,0,4295161024,1,288,1
END_EVENT,process,true,1551053981582,1,EndEvent_0crvjrk,4295758472,1551053981583,288,1006,0,4295757704,1,288,1
PROCESS,process,true,1551053977169,4414,process,4295758976,1551053981583,-1,288,0,4295159256,1,288,1
SERVICE_TASK,process,true,1551053977177,4407,ServiceTask_0kt6c5i,4295760120,1551053981584,293,296,0,4295164232,1,293,1
END_EVENT,process,true,1551053981584,1,EndEvent_0crvjrk,4295761416,1551053981585,293,1008,0,4295760648,1,293,1
PROCESS,process,true,1551053977175,4410,process,4295761920,1551053981585,-1,293,0,4295162464,1,293,1
SERVICE_TASK,process,true,1551053977183,4406,ServiceTask_0kt6c5i,4295765144,1551053981589,298,301,0,4295167440,1,298,1
SERVICE_TASK,process,true,1551053977189,4401,ServiceTask_0kt6c5i,4295765752,1551053981590,303,306,0,4295170648,1,303,1
SERVICE_TASK,process,true,1551053977197,4393,ServiceTask_0kt6c5i,4295766016,1551053981590,308,311,0,4295173856,1,308,1
SERVICE_TASK,process,true,1551053977206,4385,ServiceTask_0kt6c5i,4295767592,1551053981591,313,316,0,4295177064,1,313,1
END_EVENT,process,true,1551053981591,1,EndEvent_0crvjrk,4295770424,1551053981592,298,1012,0,4295767336,1,298,1
END_EVENT,process,true,1551053981591,1,EndEvent_0crvjrk,4295770936,1551053981592,303,1013,0,4295767856,1,303,1
END_EVENT,process,true,1551053981591,2,EndEvent_0crvjrk,4295771192,1551053981593,308,1014,0,4295768112,1,308,1
PROCESS,process,true,1551053977181,4412,process,4295772448,1551053981593,-1,298,0,4295165672,1,298,1
END_EVENT,process,true,1551053981592,1,EndEvent_0crvjrk,4295772696,1551053981593,313,1016,0,4295769656,1,313,1
PROCESS,process,true,1551053977187,4406,process,4295772952,1551053981593,-1,303,0,4295168880,1,303,1
PROCESS,process,true,1551053977195,4398,process,4295773200,1551053981593,-1,308,0,4295172088,1,308,1
PROCESS,process,true,1551053977205,4389,process,4295773696,1551053981594,-1,313,0,4295175296,1,313,1
SERVICE_TASK,process,true,1551053977221,4383,ServiceTask_0kt6c5i,4295775736,1551053981604,323,326,0,4295183480,1,323,1
SERVICE_TASK,process,true,1551053977213,4391,ServiceTask_0kt6c5i,4295776000,1551053981604,318,321,0,4295180272,1,318,1
END_EVENT,process,true,1551053981604,1,EndEvent_0crvjrk,4295778328,1551053981605,323,1019,0,4295776792,1,323,1
END_EVENT,process,true,1551053981604,1,EndEvent_0crvjrk,4295778584,1551053981605,318,1020,0,4295777048,1,318,1
PROCESS,process,true,1551053977220,4385,process,4295779336,1551053981605,-1,323,0,4295181712,1,323,1
PROCESS,process,true,1551053977210,4395,process,4295779584,1551053981605,-1,318,0,4295178504,1,318,1
SERVICE_TASK,process,true,1551053977233,4375,ServiceTask_0kt6c5i,4295781624,1551053981608,333,336,0,4295189896,1,333,1
SERVICE_TASK,process,true,1551053977227,4381,ServiceTask_0kt6c5i,4295781888,1551053981608,328,331,0,4295186688,1,328,1
END_EVENT,process,true,1551053981608,1,EndEvent_0crvjrk,4295784216,1551053981609,333,1023,0,4295782680,1,333,1
END_EVENT,process,true,1551053981609,0,EndEvent_0crvjrk,4295784648,1551053981609,328,1024,0,4295782936,1,328,1
PROCESS,process,true,1551053977232,4379,process,4295798376,1551053981611,-1,333,0,4295188128,1,333,1
PROCESS,process,true,1551053977226,4385,process,4295798624,1551053981611,-1,328,0,4295184920,1,328,1
SERVICE_TASK,process,true,1551053977238,4380,ServiceTask_0kt6c5i,4295799768,1551053981618,338,341,0,4295193104,1,338,1
END_EVENT,process,true,1551053981619,0,EndEvent_0crvjrk,4295801352,1551053981619,338,1027,0,4295800296,1,338,1
PROCESS,process,true,1551053977237,4384,process,4295802752,1551053981621,-1,338,0,4295191336,1,338,1
SERVICE_TASK,process,true,1551053977245,4376,ServiceTask_0kt6c5i,4295803344,1551053981621,343,346,0,4295196312,1,343,1
SERVICE_TASK,process,true,1551053977254,4368,ServiceTask_0kt6c5i,4295804136,1551053981622,348,351,0,4295199520,1,348,1
END_EVENT,process,true,1551053981622,0,EndEvent_0crvjrk,4295805944,1551053981622,343,1029,0,4295804400,1,343,1
END_EVENT,process,true,1551053981622,0,EndEvent_0crvjrk,4295806704,1551053981622,348,1031,0,4295805176,1,348,1
PROCESS,process,true,1551053977244,4379,process,4295806960,1551053981623,-1,343,0,4295194544,1,343,1
PROCESS,process,true,1551053977253,4370,process,4295807456,1551053981623,-1,348,0,4295197752,1,348,1
SERVICE_TASK,process,true,1551053977260,4370,ServiceTask_0kt6c5i,4295809520,1551053981630,353,356,0,4295202728,1,353,1
SERVICE_TASK,process,true,1551053977265,4366,ServiceTask_0kt6c5i,4295810920,1551053981631,358,361,0,4295205936,1,358,1
SERVICE_TASK,process,true,1551053977271,4360,ServiceTask_0kt6c5i,4295811440,1551053981631,363,366,0,4295209144,1,363,1
END_EVENT,process,true,1551053981631,1,EndEvent_0crvjrk,4295813800,1551053981632,353,1033,0,4295811184,1,353,1
END_EVENT,process,true,1551053981632,1,EndEvent_0crvjrk,4295815680,1551053981633,358,1036,0,4295812488,1,358,1
PROCESS,process,true,1551053977258,4375,process,4295815936,1551053981633,-1,353,0,4295200960,1,353,1
SERVICE_TASK,process,true,1551053977278,4355,ServiceTask_0kt6c5i,4295816184,1551053981633,368,371,0,4295212352,1,368,1
END_EVENT,process,true,1551053981632,2,EndEvent_0crvjrk,4295816448,1551053981634,363,1037,0,4295813288,1,363,1
PROCESS,process,true,1551053977264,4370,process,4295817464,1551053981634,-1,358,0,4295204168,1,358,1
PROCESS,process,true,1551053977270,4364,process,4295817968,1551053981634,-1,363,0,4295207376,1,363,1
END_EVENT,process,true,1551053981634,1,EndEvent_0crvjrk,4295818728,1551053981635,368,1039,0,4295817712,1,368,1
PROCESS,process,true,1551053977276,4359,process,4295819232,1551053981635,-1,368,0,4295210584,1,368,1
SERVICE_TASK,process,true,1551053977283,4357,ServiceTask_0kt6c5i,4295820376,1551053981640,373,376,0,4295215560,1,373,1
END_EVENT,process,true,1551053981641,0,EndEvent_0crvjrk,4295821672,1551053981641,373,1041,0,4295820904,1,373,1
PROCESS,process,true,1551053977282,4359,process,4295822176,1551053981641,-1,373,0,4295213792,1,373,1
SERVICE_TASK,process,true,1551053977302,4346,ServiceTask_0kt6c5i,4295825112,1551053981648,383,386,0,4295221976,1,383,1
SERVICE_TASK,process,true,1551053977293,4356,ServiceTask_0kt6c5i,4295825664,1551053981649,378,381,0,4295218768,1,378,1
SERVICE_TASK,process,true,1551053977315,4334,ServiceTask_0kt6c5i,4295825928,1551053981649,388,391,0,4295225184,1,388,1
SERVICE_TASK,process,true,1551053977321,4329,ServiceTask_0kt6c5i,4295828616,1551053981650,393,396,0,4295228392,1,393,1
END_EVENT,process,true,1551053981650,3,EndEvent_0crvjrk,4295830424,1551053981653,383,1045,0,4295827328,1,383,1
END_EVENT,process,true,1551053981650,3,EndEvent_0crvjrk,4295830936,1551053981653,378,1046,0,4295827848,1,378,1
END_EVENT,process,true,1551053981650,4,EndEvent_0crvjrk,4295831192,1551053981654,388,1047,0,4295828104,1,388,1
PROCESS,process,true,1551053977301,4354,process,4295833024,1551053981655,-1,383,0,4295220208,1,383,1
PROCESS,process,true,1551053977291,4364,process,4295834216,1551053981655,-1,378,0,4295217000,1,378,1
PROCESS,process,true,1551053977314,4341,process,4295834464,1551053981655,-1,388,0,4295223416,1,388,1
END_EVENT,process,true,1551053981653,3,EndEvent_0crvjrk,4295835240,1551053981656,393,1049,0,4295830680,1,393,1
SERVICE_TASK,process,true,1551053977339,4318,ServiceTask_0kt6c5i,4295835496,1551053981657,408,411,0,4295238016,1,408,1
SERVICE_TASK,process,true,1551053977327,4330,ServiceTask_0kt6c5i,4295835760,1551053981657,398,401,0,4295231600,1,398,1
PROCESS,process,true,1551053977318,4341,process,4295837088,1551053981659,-1,393,0,4295226624,1,393,1
SERVICE_TASK,process,true,1551053977344,4316,ServiceTask_0kt6c5i,4295839480,1551053981660,413,416,0,4295241224,1,413,1
END_EVENT,process,true,1551053981659,1,EndEvent_0crvjrk,4295839744,1551053981660,408,1052,0,4295837336,1,408,1
END_EVENT,process,true,1551053981659,1,EndEvent_0crvjrk,4295840000,1551053981660,398,1053,0,4295837592,1,398,1
PROCESS,process,true,1551053977337,4324,process,4295841272,1551053981661,-1,408,0,4295236248,1,408,1
PROCESS,process,true,1551053977325,4336,process,4295841520,1551053981661,-1,398,0,4295229832,1,398,1
END_EVENT,process,true,1551053981661,1,EndEvent_0crvjrk,4295842856,1551053981662,413,1055,0,4295841016,1,413,1
PROCESS,process,true,1551053977344,4319,process,4295844576,1551053981663,-1,413,0,4295239456,1,413,1
SERVICE_TASK,process,true,1551053977333,4330,ServiceTask_0kt6c5i,4295844824,1551053981663,403,406,0,4295234808,1,403,1
SERVICE_TASK,process,true,1551053977350,4313,ServiceTask_0kt6c5i,4295845088,1551053981663,418,421,0,4295244432,1,418,1
END_EVENT,process,true,1551053981663,1,EndEvent_0crvjrk,4295847704,1551053981664,403,1058,0,4295845880,1,403,1
END_EVENT,process,true,1551053981663,2,EndEvent_0crvjrk,4295848304,1551053981665,418,1059,0,4295846136,1,418,1
PROCESS,process,true,1551053977331,4334,process,4295849320,1551053981665,-1,403,0,4295233040,1,403,1
SERVICE_TASK,process,true,1551053977356,4310,ServiceTask_0kt6c5i,4295850720,1551053981666,423,426,0,4295247640,1,423,1
PROCESS,process,true,1551053977349,4320,process,4295850984,1551053981669,-1,418,0,4295242664,1,418,1
SERVICE_TASK,process,true,1551053977364,4307,ServiceTask_0kt6c5i,4295854184,1551053981671,428,431,0,4295250848,1,428,1
SERVICE_TASK,process,true,1551053977371,4300,ServiceTask_0kt6c5i,4295854448,1551053981671,433,436,0,4295254056,1,433,1
SERVICE_TASK,process,true,1551053977377,4294,ServiceTask_0kt6c5i,4295854888,1551053981671,438,441,0,4295257264,1,438,1
SERVICE_TASK,process,true,1551053977384,4287,ServiceTask_0kt6c5i,4295855152,1551053981671,443,446,0,4295260472,1,443,1
END_EVENT,process,true,1551053981670,11,EndEvent_0crvjrk,4295873512,1551053981681,423,1061,0,4295853928,1,423,1
SERVICE_TASK,process,true,1551053977389,4293,ServiceTask_0kt6c5i,4295876352,1551053981682,448,451,0,4295263680,1,448,1
SERVICE_TASK,process,true,1551053977396,4287,ServiceTask_0kt6c5i,4295876872,1551053981683,453,456,0,4295266888,1,453,1
SERVICE_TASK,process,true,1551053977408,4275,ServiceTask_0kt6c5i,4295877136,1551053981683,463,466,0,4295273304,1,463,1
SERVICE_TASK,process,true,1551053977401,4282,ServiceTask_0kt6c5i,4295877400,1551053981683,458,461,0,4295270096,1,458,1
PROCESS,process,true,1551053977355,4328,process,4295878176,1551053981683,-1,423,0,4295245872,1,423,1
END_EVENT,process,true,1551053981680,3,EndEvent_0crvjrk,4295878424,1551053981683,428,1067,0,4295871112,1,428,1
END_EVENT,process,true,1551053981680,3,EndEvent_0crvjrk,4295878944,1551053981683,433,1068,0,4295871712,1,433,1
END_EVENT,process,true,1551053981681,3,EndEvent_0crvjrk,4295879992,1551053981684,438,1069,0,4295873000,1,438,1
END_EVENT,process,true,1551053981681,3,EndEvent_0crvjrk,4295880248,1551053981684,443,1070,0,4295873256,1,443,1
PROCESS,process,true,1551053977362,4323,process,4295882520,1551053981685,-1,428,0,4295249080,1,428,1
PROCESS,process,true,1551053977370,4315,process,4295883312,1551053981685,-1,433,0,4295252288,1,433,1
PROCESS,process,true,1551053977376,4309,process,4295884328,1551053981685,-1,438,0,4295255496,1,438,1
PROCESS,process,true,1551053977382,4304,process,4295884576,1551053981686,-1,443,0,4295258704,1,443,1
END_EVENT,process,true,1551053981684,2,EndEvent_0crvjrk,4295886456,1551053981686,448,1075,0,4295880752,1,448,1
END_EVENT,process,true,1551053981685,1,EndEvent_0crvjrk,4295886712,1551053981686,453,1076,0,4295881256,1,453,1
END_EVENT,process,true,1551053981685,2,EndEvent_0crvjrk,4295886968,1551053981687,463,1077,0,4295881512,1,463,1
END_EVENT,process,true,1551053981685,2,EndEvent_0crvjrk,4295887224,1551053981687,458,1078,0,4295881768,1,458,1
SERVICE_TASK,process,true,1551053977427,4260,ServiceTask_0kt6c5i,4295887480,1551053981687,478,481,0,4295282928,1,478,1
PROCESS,process,true,1551053977389,4299,process,4295889864,1551053981688,-1,448,0,4295261912,1,448,1
PROCESS,process,true,1551053977393,4296,process,4295890112,1551053981689,-1,453,0,4295265120,1,453,1
PROCESS,process,true,1551053977407,4282,process,4295891048,1551053981689,-1,463,0,4295271536,1,463,1
PROCESS,process,true,1551053977400,4289,process,4295891640,1551053981689,-1,458,0,4295268328,1,458,1
SERVICE_TASK,process,true,1551053977421,4269,ServiceTask_0kt6c5i,4295893192,1551053981690,473,476,0,4295279720,1,473,1
SERVICE_TASK,process,true,1551053977415,4275,ServiceTask_0kt6c5i,4295893456,1551053981690,468,471,0,4295276512,1,468,1
SERVICE_TASK,process,true,1551053977434,4256,ServiceTask_0kt6c5i,4295893720,1551053981690,483,486,0,4295286136,1,483,1
END_EVENT,process,true,1551053981689,2,EndEvent_0crvjrk,4295895032,1551053981691,478,1080,0,4295891888,1,478,1
PROCESS,process,true,1551053977427,4268,process,4295897072,1551053981695,-1,478,0,4295281160,1,478,1
END_EVENT,process,true,1551053981695,1,EndEvent_0crvjrk,4295898088,1551053981696,473,1084,0,4295895288,1,473,1
END_EVENT,process,true,1551053981695,1,EndEvent_0crvjrk,4295898344,1551053981696,468,1085,0,4295895544,1,468,1
END_EVENT,process,true,1551053981694,2,EndEvent_0crvjrk,4295898600,1551053981696,483,1086,0,4295895800,1,483,1
PROCESS,process,true,1551053977420,4276,process,4295899600,1551053981696,-1,473,0,4295277952,1,473,1
PROCESS,process,true,1551053977414,4282,process,4295899848,1551053981696,-1,468,0,4295274744,1,468,1
PROCESS,process,true,1551053977432,4264,process,4295900096,1551053981696,-1,483,0,4295284368,1,483,1
SERVICE_TASK,process,true,1551053977438,4263,ServiceTask_0kt6c5i,4295903032,1551053981701,488,491,0,4295289344,1,488,1
SERVICE_TASK,process,true,1551053977445,4256,ServiceTask_0kt6c5i,4295903296,1551053981701,493,496,0,4295292552,1,493,1
SERVICE_TASK,process,true,1551053977452,4250,ServiceTask_0kt6c5i,4295903560,1551053981702,498,501,0,4295295760,1,498,1
END_EVENT,process,true,1551053981702,1,EndEvent_0crvjrk,4295906920,1551053981703,488,1090,0,4295904616,1,488,1
END_EVENT,process,true,1551053981702,1,EndEvent_0crvjrk,4295907176,1551053981703,493,1091,0,4295904872,1,493,1
END_EVENT,process,true,1551053981702,1,EndEvent_0crvjrk,4295907432,1551053981703,498,1092,0,4295905128,1,498,1
PROCESS,process,true,1551053977437,4267,process,4295908432,1551053981704,-1,488,0,4295287576,1,488,1
PROCESS,process,true,1551053977444,4260,process,4295908680,1551053981704,-1,493,0,4295290784,1,493,1
PROCESS,process,true,1551053977451,4253,process,4295908928,1551053981704,-1,498,0,4295293992,1,498,1
SERVICE_TASK,process,true,1551053977458,4251,ServiceTask_0kt6c5i,4295911968,1551053981709,503,506,0,4295298968,1,503,1
SERVICE_TASK,process,true,1551053977465,4245,ServiceTask_0kt6c5i,4295913288,1551053981710,508,511,0,4295302176,1,508,1
SERVICE_TASK,process,true,1551053977470,4240,ServiceTask_0kt6c5i,4295913552,1551053981710,513,516,0,4295305384,1,513,1
SERVICE_TASK,process,true,1551053977476,4234,ServiceTask_0kt6c5i,4295913816,1551053981710,518,521,0,4295308592,1,518,1
END_EVENT,process,true,1551053981710,1,EndEvent_0crvjrk,4295917176,1551053981711,503,1094,0,4295914080,1,503,1
END_EVENT,process,true,1551053981711,1,EndEvent_0crvjrk,4295918448,1551053981712,508,1098,0,4295915384,1,508,1
END_EVENT,process,true,1551053981711,1,EndEvent_0crvjrk,4295918704,1551053981712,513,1099,0,4295915640,1,513,1
END_EVENT,process,true,1551053981711,1,EndEvent_0crvjrk,4295918960,1551053981712,518,1100,0,4295915896,1,518,1
PROCESS,process,true,1551053977455,4257,process,4295919216,1551053981712,-1,503,0,4295297200,1,503,1
PROCESS,process,true,1551053977463,4250,process,4295920208,1551053981713,-1,508,0,4295300408,1,508,1
PROCESS,process,true,1551053977469,4244,process,4295920456,1551053981713,-1,513,0,4295303616,1,513,1
PROCESS,process,true,1551053977474,4239,process,4295920704,1551053981713,-1,518,0,4295306824,1,518,1
SERVICE_TASK,process,true,1551053977483,4233,ServiceTask_0kt6c5i,4295924536,1551053981716,523,526,0,4295311800,1,523,1
SERVICE_TASK,process,true,1551053977503,4213,ServiceTask_0kt6c5i,4295924800,1551053981716,538,541,0,4295321424,1,538,1
SERVICE_TASK,process,true,1551053977487,4229,ServiceTask_0kt6c5i,4295925064,1551053981716,528,531,0,4295315008,1,528,1
SERVICE_TASK,process,true,1551053977498,4218,ServiceTask_0kt6c5i,4295925328,1551053981716,533,536,0,4295318216,1,533,1
END_EVENT,process,true,1551053981717,1,EndEvent_0crvjrk,4295930352,1551053981718,523,1105,0,4295926648,1,523,1
END_EVENT,process,true,1551053981717,2,EndEvent_0crvjrk,4295930608,1551053981719,538,1106,0,4295926904,1,538,1
END_EVENT,process,true,1551053981717,2,EndEvent_0crvjrk,4295930864,1551053981719,528,1107,0,4295927160,1,528,1
END_EVENT,process,true,1551053981718,1,EndEvent_0crvjrk,4295931120,1551053981719,533,1108,0,4295927416,1,533,1
SERVICE_TASK,process,true,1551053977507,4212,ServiceTask_0kt6c5i,4295932632,1551053981719,543,546,0,4295324632,1,543,1
PROCESS,process,true,1551053977482,4237,process,4295932896,1551053981719,-1,523,0,4295310032,1,523,1
PROCESS,process,true,1551053977501,4219,process,4295933144,1551053981720,-1,538,0,4295319656,1,538,1
PROCESS,process,true,1551053977486,4234,process,4295933392,1551053981720,-1,528,0,4295313240,1,528,1
PROCESS,process,true,1551053977493,4227,process,4295933640,1551053981720,-1,533,0,4295316448,1,533,1
END_EVENT,process,true,1551053981720,0,EndEvent_0crvjrk,4295934920,1551053981720,543,1110,0,4295934152,1,543,1
PROCESS,process,true,1551053977506,4215,process,4295935424,1551053981721,-1,543,0,4295322864,1,543,1
SERVICE_TASK,process,true,1551053977513,4213,ServiceTask_0kt6c5i,4295939256,1551053981726,548,551,0,4295327840,1,548,1
SERVICE_TASK,process,true,1551053977521,4205,ServiceTask_0kt6c5i,4295939520,1551053981726,553,556,0,4295331048,1,553,1
SERVICE_TASK,process,true,1551053977526,4201,ServiceTask_0kt6c5i,4295939784,1551053981727,558,561,0,4295334256,1,558,1
SERVICE_TASK,process,true,1551053977531,4196,ServiceTask_0kt6c5i,4295940048,1551053981727,563,566,0,4295337464,1,563,1
END_EVENT,process,true,1551053981727,7,EndEvent_0crvjrk,4295958168,1551053981734,548,1115,0,4295941544,1,548,1
END_EVENT,process,true,1551053981727,7,EndEvent_0crvjrk,4295958424,1551053981734,553,1116,0,4295941800,1,553,1
END_EVENT,process,true,1551053981730,4,EndEvent_0crvjrk,4295958680,1551053981734,558,1118,0,4295955032,1,558,1
END_EVENT,process,true,1551053981730,4,EndEvent_0crvjrk,4295958936,1551053981734,563,1119,0,4295955288,1,563,1
PROCESS,process,true,1551053977512,4225,process,4295961400,1551053981737,-1,548,0,4295326072,1,548,1
PROCESS,process,true,1551053977519,4218,process,4295961648,1551053981737,-1,553,0,4295329280,1,553,1
PROCESS,process,true,1551053977525,4212,process,4295961896,1551053981737,-1,558,0,4295332488,1,558,1
PROCESS,process,true,1551053977530,4207,process,4295962144,1551053981737,-1,563,0,4295335696,1,563,1
SERVICE_TASK,process,true,1551053977544,4193,ServiceTask_0kt6c5i,4295962392,1551053981737,573,576,0,4295343880,1,573,1
SERVICE_TASK,process,true,1551053977539,4198,ServiceTask_0kt6c5i,4295962656,1551053981737,568,571,0,4295340672,1,568,1
END_EVENT,process,true,1551053981738,0,EndEvent_0crvjrk,4295964984,1551053981738,573,1122,0,4295963448,1,573,1
END_EVENT,process,true,1551053981738,0,EndEvent_0crvjrk,4295965240,1551053981738,568,1123,0,4295963704,1,568,1
PROCESS,process,true,1551053977542,4197,process,4295965992,1551053981739,-1,573,0,4295342112,1,573,1
PROCESS,process,true,1551053977538,4201,process,4295966240,1551053981739,-1,568,0,4295338904,1,568,1
SERVICE_TASK,process,true,1551053977550,4191,ServiceTask_0kt6c5i,4295968280,1551053981741,578,581,0,4295347088,1,578,1
SERVICE_TASK,process,true,1551053977557,4184,ServiceTask_0kt6c5i,4295968544,1551053981741,583,586,0,4295350296,1,583,1
END_EVENT,process,true,1551053981742,1,EndEvent_0crvjrk,4295970872,1551053981743,578,1126,0,4295969336,1,578,1
END_EVENT,process,true,1551053981742,1,EndEvent_0crvjrk,4295971128,1551053981743,583,1127,0,4295969592,1,583,1
PROCESS,process,true,1551053977549,4194,process,4295971880,1551053981743,-1,578,0,4295345320,1,578,1
PROCESS,process,true,1551053977556,4187,process,4295972128,1551053981743,-1,583,0,4295348528,1,583,1
SERVICE_TASK,process,true,1551053977569,4178,ServiceTask_0kt6c5i,4295973272,1551053981747,593,596,0,4295356712,1,593,1
END_EVENT,process,true,1551053981748,2,EndEvent_0crvjrk,4295974568,1551053981750,593,1129,0,4295973800,1,593,1
PROCESS,process,true,1551053977569,4181,process,4295975072,1551053981750,-1,593,0,4295354944,1,593,1
SERVICE_TASK,process,true,1551053977563,4193,ServiceTask_0kt6c5i,4295978008,1551053981756,588,591,0,4295353504,1,588,1
SERVICE_TASK,process,true,1551053977586,4170,ServiceTask_0kt6c5i,4295978272,1551053981756,603,606,0,4295363128,1,603,1
SERVICE_TASK,process,true,1551053977577,4179,ServiceTask_0kt6c5i,4295978536,1551053981756,598,601,0,4295359920,1,598,1
SERVICE_TASK,process,true,1551053977592,4166,ServiceTask_0kt6c5i,4295982280,1551053981758,608,611,0,4295366336,1,608,1
END_EVENT,process,true,1551053981757,2,EndEvent_0crvjrk,4295983344,1551053981759,588,1133,0,4295979880,1,588,1
END_EVENT,process,true,1551053981757,2,EndEvent_0crvjrk,4295984208,1551053981759,603,1134,0,4295980480,1,603,1
END_EVENT,process,true,1551053981757,2,EndEvent_0crvjrk,4295984464,1551053981759,598,1135,0,4295980736,1,598,1
PROCESS,process,true,1551053977562,4198,process,4295986560,1551053981760,-1,588,0,4295351736,1,588,1
SERVICE_TASK,process,true,1551053977598,4162,ServiceTask_0kt6c5i,4295987752,1551053981760,613,616,0,4295369544,1,613,1
PROCESS,process,true,1551053977584,4176,process,4295988016,1551053981760,-1,603,0,4295361360,1,603,1
PROCESS,process,true,1551053977576,4184,process,4295988264,1551053981760,-1,598,0,4295358152,1,598,1
END_EVENT,process,true,1551053981759,2,EndEvent_0crvjrk,4295989560,1551053981761,608,1137,0,4295984968,1,608,1
SERVICE_TASK,process,true,1551053977604,4157,ServiceTask_0kt6c5i,4295989816,1551053981761,618,621,0,4295372752,1,618,1
SERVICE_TASK,process,true,1551053977610,4151,ServiceTask_0kt6c5i,4295990080,1551053981761,623,626,0,4295375960,1,623,1
PROCESS,process,true,1551053977590,4173,process,4295991920,1551053981763,-1,608,0,4295364568,1,608,1
END_EVENT,process,true,1551053981761,2,EndEvent_0crvjrk,4295993792,1551053981763,613,1139,0,4295990344,1,613,1
SERVICE_TASK,process,true,1551053977616,4153,ServiceTask_0kt6c5i,4295996224,1551053981769,628,631,0,4295379168,1,628,1
END_EVENT,process,true,1551053981762,7,EndEvent_0crvjrk,4295996488,1551053981769,618,1142,0,4295992168,1,618,1
END_EVENT,process,true,1551053981762,9,EndEvent_0crvjrk,4295998120,1551053981771,623,1143,0,4295992424,1,623,1
PROCESS,process,true,1551053977597,4174,process,4295998376,1551053981771,-1,613,0,4295367776,1,613,1
PROCESS,process,true,1551053977603,4170,process,4296000696,1551053981773,-1,618,0,4295370984,1,618,1
SERVICE_TASK,process,true,1551053977621,4152,ServiceTask_0kt6c5i,4296000944,1551053981773,633,636,0,4295382376,1,633,1
SERVICE_TASK,process,true,1551053977643,4130,ServiceTask_0kt6c5i,4296001208,1551053981773,643,646,0,4295388792,1,643,1
SERVICE_TASK,process,true,1551053977631,4142,ServiceTask_0kt6c5i,4296001472,1551053981773,638,641,0,4295385584,1,638,1
SERVICE_TASK,process,true,1551053977650,4123,ServiceTask_0kt6c5i,4296001736,1551053981773,648,651,0,4295392000,1,648,1
PROCESS,process,true,1551053977609,4164,process,4296002000,1551053981773,-1,623,0,4295374192,1,623,1
END_EVENT,process,true,1551053981773,2,EndEvent_0crvjrk,4296005472,1551053981775,628,1145,0,4296000440,1,628,1
SERVICE_TASK,process,true,1551053977657,4119,ServiceTask_0kt6c5i,4296008032,1551053981776,653,656,0,4295395208,1,653,1
PROCESS,process,true,1551053977615,4162,process,4296008552,1551053981777,-1,628,0,4295377400,1,628,1
END_EVENT,process,true,1551053981775,2,EndEvent_0crvjrk,4296008800,1551053981777,633,1150,0,4296004104,1,633,1
END_EVENT,process,true,1551053981775,2,EndEvent_0crvjrk,4296009056,1551053981777,643,1151,0,4296004360,1,643,1
END_EVENT,process,true,1551053981775,2,EndEvent_0crvjrk,4296009312,1551053981777,638,1152,0,4296004616,1,638,1
END_EVENT,process,true,1551053981775,2,EndEvent_0crvjrk,4296009832,1551053981777,648,1153,0,4296005216,1,648,1
PROCESS,process,true,1551053977620,4158,process,4296011336,1551053981778,-1,633,0,4295380608,1,633,1
PROCESS,process,true,1551053977641,4137,process,4296011584,1551053981778,-1,643,0,4295387024,1,643,1
PROCESS,process,true,1551053977628,4150,process,4296011832,1551053981778,-1,638,0,4295383816,1,638,1
PROCESS,process,true,1551053977648,4130,process,4296012336,1551053981778,-1,648,0,4295390232,1,648,1
END_EVENT,process,true,1551053981778,0,EndEvent_0crvjrk,4296012840,1551053981778,653,1155,0,4296010832,1,653,1
PROCESS,process,true,1551053977656,4123,process,4296013344,1551053981779,-1,653,0,4295393440,1,653,1
SERVICE_TASK,process,true,1551053977664,4117,ServiceTask_0kt6c5i,4296014488,1551053981781,658,661,0,4295398416,1,658,1
END_EVENT,process,true,1551053981781,0,EndEvent_0crvjrk,4296015784,1551053981781,658,1157,0,4296015016,1,658,1
PROCESS,process,true,1551053977663,4119,process,4296016288,1551053981782,-1,658,0,4295396648,1,658,1
SERVICE_TASK,process,true,1551053977672,4111,ServiceTask_0kt6c5i,4296019224,1551053981783,663,666,0,4295401624,1,663,1
SERVICE_TASK,process,true,1551053977678,4105,ServiceTask_0kt6c5i,4296019488,1551053981783,668,671,0,4295404832,1,668,1
SERVICE_TASK,process,true,1551053977684,4099,ServiceTask_0kt6c5i,4296019752,1551053981783,673,676,0,4295408040,1,673,1
END_EVENT,process,true,1551053981784,1,EndEvent_0crvjrk,4296023112,1551053981785,663,1161,0,4296020808,1,663,1
END_EVENT,process,true,1551053981784,1,EndEvent_0crvjrk,4296023368,1551053981785,668,1162,0,4296021064,1,668,1
END_EVENT,process,true,1551053981784,2,EndEvent_0crvjrk,4296023624,1551053981786,673,1163,0,4296021320,1,673,1
PROCESS,process,true,1551053977670,4115,process,4296024624,1551053981785,-1,663,0,4295399856,1,663,1
PROCESS,process,true,1551053977677,4109,process,4296024872,1551053981786,-1,668,0,4295403064,1,668,1
PROCESS,process,true,1551053977683,4103,process,4296025120,1551053981786,-1,673,0,4295406272,1,673,1
SERVICE_TASK,process,true,1551053977690,4105,ServiceTask_0kt6c5i,4296041944,1551053981795,678,681,0,4295411248,1,678,1
SERVICE_TASK,process,true,1551053977697,4099,ServiceTask_0kt6c5i,4296043528,1551053981796,683,686,0,4295414456,1,683,1
SERVICE_TASK,process,true,1551053977701,4095,ServiceTask_0kt6c5i,4296043792,1551053981796,688,691,0,4295417664,1,688,1
SERVICE_TASK,process,true,1551053977707,4089,ServiceTask_0kt6c5i,4296044056,1551053981796,693,696,0,4295420872,1,693,1
SERVICE_TASK,process,true,1551053977712,4084,ServiceTask_0kt6c5i,4296044320,1551053981796,698,701,0,4295424080,1,698,1
END_EVENT,process,true,1551053981797,8,EndEvent_0crvjrk,4296052040,1551053981805,678,1166,0,4296044584,1,678,1
SERVICE_TASK,process,true,1551053977724,4085,ServiceTask_0kt6c5i,4296053064,1551053981809,708,711,0,4295430496,1,708,1
SERVICE_TASK,process,true,1551053977718,4091,ServiceTask_0kt6c5i,4296053328,1551053981809,703,706,0,4295427288,1,703,1
SERVICE_TASK,process,true,1551053977732,4077,ServiceTask_0kt6c5i,4296053592,1551053981809,713,716,0,4295433704,1,713,1
SERVICE_TASK,process,true,1551053977738,4071,ServiceTask_0kt6c5i,4296053856,1551053981809,718,721,0,4295436912,1,718,1
END_EVENT,process,true,1551053981803,13,EndEvent_0crvjrk,4296055200,1551053981816,683,1171,0,4296047304,1,683,1
END_EVENT,process,true,1551053981803,13,EndEvent_0crvjrk,4296055456,1551053981816,688,1172,0,4296047560,1,688,1
END_EVENT,process,true,1551053981803,13,EndEvent_0crvjrk,4296055712,1551053981816,693,1173,0,4296047816,1,693,1
END_EVENT,process,true,1551053981804,12,EndEvent_0crvjrk,4296057024,1551053981816,698,1174,0,4296049448,1,698,1
PROCESS,process,true,1551053977689,4128,process,4296057280,1551053981817,-1,678,0,4295409480,1,678,1
PROCESS,process,true,1551053977696,4123,process,4296061680,1551053981819,-1,683,0,4295412688,1,683,1
PROCESS,process,true,1551053977700,4119,process,4296061928,1551053981819,-1,688,0,4295415896,1,688,1
PROCESS,process,true,1551053977706,4113,process,4296062176,1551053981819,-1,693,0,4295419104,1,693,1
PROCESS,process,true,1551053977711,4108,process,4296063448,1551053981819,-1,698,0,4295422312,1,698,1
SERVICE_TASK,process,true,1551053977744,4075,ServiceTask_0kt6c5i,4296064040,1551053981819,723,726,0,4295440120,1,723,1
SERVICE_TASK,process,true,1551053977750,4070,ServiceTask_0kt6c5i,4296064568,1551053981820,728,731,0,4295443328,1,728,1
SERVICE_TASK,process,true,1551053977756,4065,ServiceTask_0kt6c5i,4296066384,1551053981821,733,736,0,4295446536,1,733,1
END_EVENT,process,true,1551053981817,4,EndEvent_0crvjrk,4296066912,1551053981821,708,1179,0,4296059248,1,708,1
END_EVENT,process,true,1551053981818,3,EndEvent_0crvjrk,4296067168,1551053981821,703,1180,0,4296059504,1,703,1
END_EVENT,process,true,1551053981818,3,EndEvent_0crvjrk,4296067424,1551053981821,713,1181,0,4296059760,1,713,1
END_EVENT,process,true,1551053981818,3,EndEvent_0crvjrk,4296067680,1551053981821,718,1182,0,4296060016,1,718,1
SERVICE_TASK,process,true,1551053977762,4059,ServiceTask_0kt6c5i,4296067936,1551053981821,738,741,0,4295449744,1,738,1
PROCESS,process,true,1551053977723,4099,process,4296071000,1551053981822,-1,708,0,4295428728,1,708,1
PROCESS,process,true,1551053977717,4105,process,4296071248,1551053981822,-1,703,0,4295425520,1,703,1
PROCESS,process,true,1551053977730,4092,process,4296071496,1551053981822,-1,713,0,4295431936,1,713,1
PROCESS,process,true,1551053977737,4085,process,4296071744,1551053981822,-1,718,0,4295435144,1,718,1
END_EVENT,process,true,1551053981821,2,EndEvent_0crvjrk,4296073272,1551053981823,723,1185,0,4296068200,1,723,1
END_EVENT,process,true,1551053981821,2,EndEvent_0crvjrk,4296073784,1551053981823,728,1187,0,4296068720,1,728,1
END_EVENT,process,true,1551053981822,1,EndEvent_0crvjrk,4296074544,1551053981823,733,1189,0,4296070488,1,733,1
END_EVENT,process,true,1551053981822,1,EndEvent_0crvjrk,4296075048,1551053981823,738,1190,0,4296071992,1,738,1
PROCESS,process,true,1551053977743,4081,process,4296075304,1551053981824,-1,723,0,4295438352,1,723,1
PROCESS,process,true,1551053977749,4075,process,4296075800,1551053981824,-1,728,0,4295441560,1,728,1
PROCESS,process,true,1551053977754,4070,process,4296076296,1551053981824,-1,733,0,4295444768,1,733,1
PROCESS,process,true,1551053977761,4063,process,4296076544,1551053981824,-1,738,0,4295447976,1,738,1
SERVICE_TASK,process,true,1551053977767,4064,ServiceTask_0kt6c5i,4296078584,1551053981831,743,746,0,4295452952,1,743,1
SERVICE_TASK,process,true,1551053977775,4056,ServiceTask_0kt6c5i,4296078848,1551053981831,748,751,0,4295456160,1,748,1
END_EVENT,process,true,1551053981832,0,EndEvent_0crvjrk,4296081176,1551053981832,743,1193,0,4296079640,1,743,1
END_EVENT,process,true,1551053981832,0,EndEvent_0crvjrk,4296081432,1551053981832,748,1194,0,4296079896,1,748,1
PROCESS,process,true,1551053977766,4067,process,4296082184,1551053981833,-1,743,0,4295451184,1,743,1
PROCESS,process,true,1551053977774,4059,process,4296082432,1551053981833,-1,748,0,4295454392,1,748,1
SERVICE_TASK,process,true,1551053977779,4059,ServiceTask_0kt6c5i,4296083576,1551053981838,753,756,0,4295459368,1,753,1
SERVICE_TASK,process,true,1551053977786,4053,ServiceTask_0kt6c5i,4296086408,1551053981839,758,761,0,4295462576,1,758,1
SERVICE_TASK,process,true,1551053977792,4047,ServiceTask_0kt6c5i,4296086672,1551053981839,763,766,0,4295465784,1,763,1
END_EVENT,process,true,1551053981839,1,EndEvent_0crvjrk,4296087720,1551053981840,753,1196,0,4296085368,1,753,1
PROCESS,process,true,1551053977778,4062,process,4296089248,1551053981840,-1,753,0,4295457600,1,753,1
END_EVENT,process,true,1551053981840,1,EndEvent_0crvjrk,4296090008,1551053981841,758,1199,0,4296087976,1,758,1
END_EVENT,process,true,1551053981840,1,EndEvent_0crvjrk,4296090264,1551053981841,763,1200,0,4296088232,1,763,1
PROCESS,process,true,1551053977784,4057,process,4296091016,1551053981841,-1,758,0,4295460808,1,758,1
PROCESS,process,true,1551053977791,4050,process,4296091264,1551053981841,-1,763,0,4295464016,1,763,1
SERVICE_TASK,process,true,1551053977797,4048,ServiceTask_0kt6c5i,4296092408,1551053981845,768,771,0,4295468992,1,768,1
END_EVENT,process,true,1551053981846,11,EndEvent_0crvjrk,4296103992,1551053981857,768,1202,0,4296092936,1,768,1
SERVICE_TASK,process,true,1551053977802,4055,ServiceTask_0kt6c5i,4296104248,1551053981857,773,776,0,4295472200,1,773,1
SERVICE_TASK,process,true,1551053977817,4041,ServiceTask_0kt6c5i,4296105200,1551053981858,783,786,0,4295478616,1,783,1
PROCESS,process,true,1551053977796,4063,process,4296106768,1551053981859,-1,768,0,4295467224,1,768,1
SERVICE_TASK,process,true,1551053977812,4048,ServiceTask_0kt6c5i,4296107272,1551053981860,778,781,0,4295475408,1,778,1
SERVICE_TASK,process,true,1551053977822,4038,ServiceTask_0kt6c5i,4296107536,1551053981860,788,791,0,4295481824,1,788,1
END_EVENT,process,true,1551053981859,4,EndEvent_0crvjrk,4296110120,1551053981863,773,1206,0,4296107016,1,773,1
END_EVENT,process,true,1551053981860,4,EndEvent_0crvjrk,4296110888,1551053981864,783,1207,0,4296107800,1,783,1
PROCESS,process,true,1551053977801,4064,process,4296112440,1551053981865,-1,773,0,4295470432,1,773,1
END_EVENT,process,true,1551053981861,4,EndEvent_0crvjrk,4296112688,1551053981865,778,1210,0,4296109352,1,778,1
END_EVENT,process,true,1551053981863,2,EndEvent_0crvjrk,4296113288,1551053981865,788,1211,0,4296109608,1,788,1
PROCESS,process,true,1551053977816,4049,process,4296113544,1551053981865,-1,783,0,4295476848,1,783,1
PROCESS,process,true,1551053977811,4055,process,4296114552,1551053981866,-1,778,0,4295473640,1,778,1
SERVICE_TASK,process,true,1551053977828,4038,ServiceTask_0kt6c5i,4296114800,1551053981866,793,796,0,4295485032,1,793,1
PROCESS,process,true,1551053977820,4046,process,4296115064,1551053981866,-1,788,0,4295480056,1,788,1
END_EVENT,process,true,1551053981867,1,EndEvent_0crvjrk,4296116344,1551053981868,793,1213,0,4296115576,1,793,1
PROCESS,process,true,1551053977827,4041,process,4296117136,1551053981868,-1,793,0,4295483264,1,793,1
SERVICE_TASK,process,true,1551053977834,4035,ServiceTask_0kt6c5i,4296117992,1551053981869,798,801,0,4295488240,1,798,1
END_EVENT,process,true,1551053981869,1,EndEvent_0crvjrk,4296119288,1551053981870,798,1215,0,4296118520,1,798,1
PROCESS,process,true,1551053977832,4039,process,4296119792,1551053981871,-1,798,0,4295486472,1,798,1
SERVICE_TASK,process,true,1551053977840,4032,ServiceTask_0kt6c5i,4296120936,1551053981872,803,806,0,4295491448,1,803,1
END_EVENT,process,true,1551053981872,1,EndEvent_0crvjrk,4296122232,1551053981873,803,1217,0,4296121464,1,803,1
PROCESS,process,true,1551053977839,4035,process,4296122736,1551053981874,-1,803,0,4295489680,1,803,1
SERVICE_TASK,process,true,1551053977844,4032,ServiceTask_0kt6c5i,4296125408,1551053981876,808,811,0,4295494656,1,808,1
SERVICE_TASK,process,true,1551053977850,4027,ServiceTask_0kt6c5i,4296125936,1551053981877,813,816,0,4295497864,1,813,1
SERVICE_TASK,process,true,1551053977860,4017,ServiceTask_0kt6c5i,4296126464,1551053981877,818,821,0,4295501072,1,818,1
END_EVENT,process,true,1551053981878,2,EndEvent_0crvjrk,4296130832,1551053981880,808,1220,0,4296126992,1,808,1
SERVICE_TASK,process,true,1551053977871,4012,ServiceTask_0kt6c5i,4296131376,1551053981883,823,826,0,4295504280,1,823,1
END_EVENT,process,true,1551053981878,5,EndEvent_0crvjrk,4296132160,1551053981883,813,1222,0,4296127800,1,813,1
SERVICE_TASK,process,true,1551053977876,4008,ServiceTask_0kt6c5i,4296133560,1551053981884,828,831,0,4295507488,1,828,1
END_EVENT,process,true,1551053981878,6,EndEvent_0crvjrk,4296133824,1551053981884,818,1223,0,4296128944,1,818,1
PROCESS,process,true,1551053977843,4042,process,4296134328,1551053981885,-1,808,0,4295492888,1,808,1
PROCESS,process,true,1551053977849,4036,process,4296135952,1551053981885,-1,813,0,4295496096,1,813,1
SERVICE_TASK,process,true,1551053977883,4002,ServiceTask_0kt6c5i,4296136200,1551053981885,833,836,0,4295510696,1,833,1
PROCESS,process,true,1551053977859,4027,process,4296137240,1551053981886,-1,818,0,4295499304,1,818,1
SERVICE_TASK,process,true,1551053977888,3998,ServiceTask_0kt6c5i,4296138040,1551053981886,838,841,0,4295513904,1,838,1
END_EVENT,process,true,1551053981885,2,EndEvent_0crvjrk,4296139680,1551053981887,823,1225,0,4296135184,1,823,1
END_EVENT,process,true,1551053981886,2,EndEvent_0crvjrk,4296141216,1551053981888,828,1227,0,4296136984,1,828,1
SERVICE_TASK,process,true,1551053977900,3988,ServiceTask_0kt6c5i,4296141728,1551053981888,848,851,0,4295520320,1,848,1
PROCESS,process,true,1551053977870,4018,process,4296142248,1551053981888,-1,823,0,4295502512,1,823,1
END_EVENT,process,true,1551053981887,1,EndEvent_0crvjrk,4296142920,1551053981888,833,1229,0,4296138816,1,833,1
PROCESS,process,true,1551053977875,4014,process,4296144272,1551053981889,-1,828,0,4295505720,1,828,1
END_EVENT,process,true,1551053981887,3,EndEvent_0crvjrk,4296145904,1551053981890,838,1231,0,4296140712,1,838,1
PROCESS,process,true,1551053977882,4009,process,4296146160,1551053981891,-1,833,0,4295508928,1,833,1
SERVICE_TASK,process,true,1551053977906,3986,ServiceTask_0kt6c5i,4296148192,1551053981892,853,856,0,4295523528,1,853,1
SERVICE_TASK,process,true,1551053977894,3999,ServiceTask_0kt6c5i,4296148744,1551053981893,843,846,0,4295517112,1,843,1
PROCESS,process,true,1551053977887,4007,process,4296150144,1551053981894,-1,838,0,4295512136,1,838,1
END_EVENT,process,true,1551053981889,7,EndEvent_0crvjrk,4296151792,1551053981896,848,1234,0,4296145648,1,848,1
SERVICE_TASK,process,true,1551053977917,3979,ServiceTask_0kt6c5i,4296152824,1551053981896,863,866,0,4295529944,1,863,1
SERVICE_TASK,process,true,1551053977913,3983,ServiceTask_0kt6c5i,4296153088,1551053981896,858,861,0,4295526736,1,858,1
SERVICE_TASK,process,true,1551053977932,3965,ServiceTask_0kt6c5i,4296154144,1551053981897,873,876,0,4295536360,1,873,1
PROCESS,process,true,1551053977899,3999,process,4296155536,1551053981898,-1,848,0,4295518552,1,848,1
END_EVENT,process,true,1551053981896,3,EndEvent_0crvjrk,4296157704,1551053981899,853,1238,0,4296152048,1,853,1
END_EVENT,process,true,1551053981895,4,EndEvent_0crvjrk,4296158216,1551053981899,843,1239,0,4296152568,1,843,1
SERVICE_TASK,process,true,1551053977925,3974,ServiceTask_0kt6c5i,4296158984,1551053981899,868,871,0,4295533152,1,868,1
PROCESS,process,true,1551053977903,3997,process,4296160776,1551053981900,-1,853,0,4295521760,1,853,1
PROCESS,process,true,1551053977892,4008,process,4296161280,1551053981900,-1,843,0,4295515344,1,843,1
END_EVENT,process,true,1551053981898,2,EndEvent_0crvjrk,4296161528,1551053981900,863,1243,0,4296156736,1,863,1
END_EVENT,process,true,1551053981898,2,EndEvent_0crvjrk,4296161784,1551053981900,858,1244,0,4296156992,1,858,1
END_EVENT,process,true,1551053981898,3,EndEvent_0crvjrk,4296162760,1551053981901,873,1246,0,4296157960,1,873,1
PROCESS,process,true,1551053977916,3987,process,4296164552,1551053981903,-1,863,0,4295528176,1,863,1
PROCESS,process,true,1551053977912,3991,process,4296164800,1551053981903,-1,858,0,4295524968,1,858,1
PROCESS,process,true,1551053977930,3974,process,4296165568,1551053981904,-1,873,0,4295534592,1,873,1
SERVICE_TASK,process,true,1551053977937,3967,ServiceTask_0kt6c5i,4296166104,1551053981904,878,881,0,4295539568,1,878,1
END_EVENT,process,true,1551053981901,4,EndEvent_0crvjrk,4296166368,1551053981905,868,1248,0,4296162328,1,868,1
PROCESS,process,true,1551053977923,3982,process,4296168000,1551053981905,-1,868,0,4295531384,1,868,1
SERVICE_TASK,process,true,1551053977943,3962,ServiceTask_0kt6c5i,4296168248,1551053981905,883,886,0,4295542776,1,883,1
END_EVENT,process,true,1551053981905,2,EndEvent_0crvjrk,4296169912,1551053981907,878,1251,0,4296167744,1,878,1
PROCESS,process,true,1551053977936,3971,process,4296170928,1551053981907,-1,878,0,4295537800,1,878,1
END_EVENT,process,true,1551053981907,0,EndEvent_0crvjrk,4296171176,1551053981907,883,1254,0,4296169656,1,883,1
PROCESS,process,true,1551053977941,3966,process,4296171680,1551053981907,-1,883,0,4295541008,1,883,1
